{"train/loss": 2.581233263015747, "_timestamp": 1721269520.7118242, "train/l2_loss": 0.5209040641784668, "train/infoNCE_loss": 4.641562461853027, "_runtime": 77.04016423225403, "_step": 343, "_wandb": {"runtime": 75}}